<PAD>	1000000000
<UNK>	1000000000
<S>	1000000000
</S>	1000000000
的	883
是	202
和	175
在	171
了	150
中国	137
一	119
发展	101
对	99
不	93
这	81
与	81
经济	79
国	72
个	71
中	71
要	70
两	67
美国	66
有	61
也	56
关系	55
他	54
年	53
将	53
台湾	51
说	51
国家	49
新	49
就	49
我们	47
为	46
上	44
问题	43
人民	43
地	38
政府	37
工作	37
大	36
合作	35
都	34
但	31
次	31
会	31
各	31
世界	29
进行	29
加强	29
和平	28
还	28
人	27
表示	27
社会	27
必须	27
种	26
到	26
以	26
党	25
全	25
而	25
国际	24
思想	24
政治	23
指出	23
美	23
日本	23
能	23
原则	22
并	22
安全	22
等	22
建设	22
访问	22
来	22
政策	22
企业	22
统一	21
下	21
已	21
军事	21
地区	21
重要	20
方面	19
计划	19
向	19
人权	19
基础	19
后	19
多	19
积极	19
稳定	19
把	19
此	19
有关	18
双方	18
没有	18
社会主义	18
友好	18
领导	18
总统	18
世纪	18
代表	17
时	17
法轮功	17
共同	17
进一步	17
组织	17
一些	17
及	17
从	17
支持	16
三	16
要求	16
江泽民	16
这些	16
北京	16
岸	16
取得	15
月	15
同	15
事件	15
发生	15
开发	15
俄	15
导弹	15
领导人	15
西藏	14
战争	14
利益	14
很	14
继续	14
所	14
会议	14
日	14
其	14
市场	14
同时	14
我国	14
今天	14
改革	14
推动	14
好	14
如果	14
已经	14
记者	14
更	14
提出	14
得	14
认为	14
坚持	13
部门	13
最	13
着	13
形势	13
作为	13
高	13
去年	13
应	13
西部	13
扩大	13
历史	13
他们	13
教育	13
实现	13
情况	13
强调	12
反对	12
使	12
于	12
外交	12
技术	12
增长	12
解决	12
系统	12
主席	12
制度	12
努力	12
当局	12
作出	11
武器	11
主要	11
举行	11
人员	11
十分	11
现在	11
根本	11
干部	11
祖国	11
又	11
十五	11
可以	11
希望	11
我	11
布什	11
本	10
nmd	10
目前	10
重大	10
变化	10
领域	10
任务	10
需要	10
文化	10
由	10
以来	10
活动	10
其他	10
俄罗斯	10
利用	10
看	10
影响	10
不断	10
斗争	10
调整	10
再	10
项	10
立场	9
正	9
当前	9
自	9
香港	9
成为	9
自己	9
所有	9
对话	9
关于	9
管理	9
规定	9
力量	9
五	9
存在	9
保持	9
改善	9
中央	9
据	9
做	9
条约	9
资源	9
结构	9
不同	9
可	9
位	9
总理	9
只	9
成功	9
过程	9
建立	9
几	9
较	9
认识	9
环境	9
许多	9
愿意	9
决定	9
人才	9
用	8
同志	8
讲话	8
走向	8
台独	8
首脑	8
名	8
内容	8
金融	8
生产	8
被	8
之	8
这个	8
仍	8
部分	8
民族	8
坚决	8
事业	8
落实	8
法律	8
监督	8
更加	8
科学	8
平等	8
大陆	8
今年	8
邪教	8
经贸	8
之后	8
华	8
报道	8
二	8
中共	8
投资	8
成立	8
人们	8
始终	8
完全	8
任何	8
前	8
促进	8
主权	7
民主	7
该	7
正在	7
具有	7
条件	7
中华	7
精神	7
参加	7
提供	7
越	7
关注	7
但是	7
严重	7
充分	7
限制	7
可能	7
包括	7
经营	7
体制	7
能力	7
良好	7
开展	7
美军	7
第一	7
通过	7
期间	7
目标	7
科技	7
内	7
战略	7
中方	7
增加	7
措施	7
出口	7
联合国	7
重视	7
时期	7
作用	7
官员	7
人士	7
行为	7
或	6
学习	6
贯彻	6
保护	6
势力	6
台	6
之一	6
给	6
带来	6
了解	6
上海	6
方式	6
准备	6
比	6
出现	6
谈判	6
实施	6
局势	6
而且	6
理论	6
进步	6
委员会	6
称	6
修改	6
进入	6
应该	6
分子	6
共产党	6
一直	6
表明	6
趋势	6
引起	6
想	6
飞机	6
提高	6
陈水扁	6
未来	6
一定	6
其中	6
开放	6
欢迎	6
方向	6
军队	6
尽管	6
持续	6
维护	6
报告	6
贡献	6
届	6
财政	6
认真	6
首	6
朝鲜	6
应当	6
未	6
优势	6
采取	6
外资	6
李登辉	6
行政	6
推进	6
媒体	6
因素	6
美方	6
现代化	6
中心	6
开始	6
一切	6
召开	5
制定	5
压力	5
自由	5
分裂	5
每	5
我军	5
基本	5
公司	5
集团	5
信息	5
全球	5
会晤	5
却	5
来自	5
研究	5
处理	5
国内	5
电	5
资金	5
加入	5
欧盟	5
团结	5
事	5
议案	5
形式	5
发表	5
广泛	5
人大	5
态度	5
为了	5
加大	5
调查	5
力度	5
如	5
近	5
共识	5
今后	5
实际	5
意见	5
在于	5
实践	5
业务	5
钱其琛	5
东盟	5
驻	5
错误	5
所谓	5
有利于	5
过去	5
第二	5
长期	5
相信	5
生活	5
满意	5
全面	5
正式	5
它	5
专家	5
共和国	5
双边	5
打击	5
健康	5
场	5
深入	5
美元	5
非	5
空军	5
防御	5
农村	5
亚洲	5
不仅	5
占	5
高度	5
运用	5
最近	5
地位	5
观念	5
省	5
这样	5
发挥	5
集中	5
交流	5
间	5
原因	5
过	5
导航	5
撞机	5
韩国	5
新疆	5
侵犯	5
起	5
谈	5
联合	5
只有	4
目的	4
暴力	4
手段	4
愿望	4
自杀	4
某些	4
如此	4
面临	4
训练	4
如今	4
产业	4
主题	4
高兴	4
贸易	4
交往	4
相互	4
电视	4
深刻	4
批	4
特色	4
大学	4
统计	4
亿	4
新华社	4
部长	4
武装	4
世贸	4
成员	4
冲突	4
解放军	4
机遇	4
机关	4
时代	4
得到	4
遭到	4
公开	4
四	4
损害	4
国会	4
克林顿	4
法案	4
部署	4
同意	4
成就	4
科研	4
知识	4
新闻	4
历来	4
亚酞	4
差距	4
受	4
状况	4
所以	4
做好	4
核心	4
综合	4
国务院	4
国防	4
具体	4
明确	4
你	4
均	4
无	4
奠定	4
韩	4
承认	4
推行	4
素质	4
当选	4
传统	4
减税	4
关心	4
外国	4
侵略	4
改变	4
自焚	4
因此	4
印度	4
中外	4
局面	4
随着	4
将来	4
阶段	4
作	4
普京	4
愿	4
级	4
产生	4
澳门	4
制	4
威胁	4
首相	4
机构	4
可能性	4
巨大	4
保障	4
刚刚	4
接受	4
快速	4
当	4
发现	4
极	4
指导	4
点	4
繁荣	4
失败	4
古巴	4
外	4
竞争	4
朱	4
协议	4
进展	4
交换	4
里	4
表现	4
冷战	4
结果	4
最终	4
工资	4
面对	4
外长	4
难以	4
看法	4
结合	4
民进党	4
令	4
才	4
质量	4
赢得	4
顺利	4
达	4
正确	4
注意	4
消除	4
军用	4
个人	4
并不	4
国有	4
成员国	4
英国	4
看到	4
挑战	4
访	4
安理会	4
创新	4
农业	4
反导	4
贷款	4
透露	4
向前	4
控制	3
领土	3
先进性	3
七一	3
表达	3
再度	3
反映	3
右翼	3
激烈	3
欧洲	3
还是	3
出售	3
人心	3
打	3
至	3
论	3
分割	3
由于	3
机会	3
最后	3
岁	3
上午	3
澳	3
困难	3
时间	3
北	3
感到	3
追求	3
朝	3
总体	3
水平	3
院校	3
委员	3
单位	3
广大	3
决策	3
元	3
保证	3
宗教	3
硝烟	3
革命	3
设施	3
相关	3
服务	3
事实	3
证明	3
成果	3
意义	3
先进	3
前进	3
地方	3
有效	3
民主党	3
电子	3
制裁	3
泡沫	3
则	3
结束	3
八	3
违反	3
从事	3
大家	3
大量	3
合理	3
以及	3
队伍	3
达成	3
此间	3
提倡	3
各自	3
说法	3
相反	3
现实	3
完善	3
七月	3
会见	3
政局	3
普遍	3
末	3
东南亚	3
持	3
飞行	3
主动	3
坚实	3
出	3
虽然	3
破坏	3
针对	3
严格	3
适应	3
海峡	3
奋斗	3
奥运会	3
圆满	3
就业	3
岗位	3
等等	3
性质	3
谁	3
主张	3
注定	3
天安门	3
热烈	3
法国	3
农民	3
之间	3
路线	3
作风	3
作战	3
回答	3
厦门	3
研制	3
合资	3
法	3
转变	3
统	3
起来	3
恶化	3
协定	3
党委	3
小组	3
朱镕基	3
上述	3
经过	3
参与	3
对于	3
伟大	3
舰队	3
事务	3
职责	3
历史性	3
实行	3
大局	3
有利	3
眼睛	3
见	3
不过	3
特别	3
台商	3
企图	3
推出	3
宣布	3
拒绝	3
情报	3
超过	3
项目	3
清醒	3
至今	3
尚	3
强权	3
联系	3
言	3
侦察	3
图谋	3
理解	3
会谈	3
选拔	3
办法	3
金字旁容基	3
大战	3
然而	3
以后	3
执行	3
公布	3
石油	3
概括	3
强	3
山东	3
坚信	3
曾	3
经历	3
民主化	3
深	3
即将	3
立法	3
防卫	3
变	3
如何	3
特点	3
像	3
切实	3
退税	3
讲	3
有所	3
彼此	3
自信	3
遵守	3
高雄	3
符合	3
至于	3
排除	3
基地	3
工程	3
生命	3
当务之急	3
工人	3
左右	3
行动	3
承诺	3
对外	3
最高	3
搞	3
突然	3
粮食	3
复杂	3
抓住	3
使用	3
武力	3
辩证	3
给予	3
检查	3
迎来	3
整个	3
国债	3
阶级	3
按	3
现状	3
大力	3
国民	3
分析	3
从此	3
方针	3
李洪志	3
巩固	3
其实	3
周年	3
权威	3
发展中	3
期	3
允许	3
转向	3
讨论	3
消极	3
干预	3
越南	3
产品	3
群众	3
朝韩	3
战士	3
半岛	3
底	3
半	3
遭受	3
直接	3
犯罪	3
印尼	2
这里	2
番	2
话	2
国统会	2
一九九一年	2
认同	2
防止	2
李福祥	2
派出	2
因	2
政界	2
言行	2
难	2
妥协	2
不论	2
心愿	2
处	2
成	2
体系	2
记	2
磋商	2
翻天覆地	2
信息化	2
赴	2
纽约	2
千	2
李鹏	2
少年	2
全球化	2
友谊	2
接触	2
快	2
旁观者清	2
因为	2
彩门	2
标语	2
第	2
军方	2
试验	2
多重	2
不少	2
对方	2
首要	2
所在	2
海南	2
有限	2
副	2
速度	2
密切	2
谋求	2
缓和	2
整体	2
浙江	2
体育	2
文明	2
组成	2
区	2
总值	2
达到	2
任命	2
派遣	2
叛乱	2
共处	2
墨西哥	2
仍然	2
淹没	2
胜利	2
初期	2
进藏	2
专业	2
投身	2
日益	2
逐步	2
采购	2
范围	2
办公	2
频繁	2
马克思主义	2
学说	2
泰方	2
感谢	2
人类	2
智力	2
有些	2
抓	2
腐败	2
抑制	2
电脑	2
一再	2
希腊	2
波兰	2
议员	2
呼吁	2
解除	2
南联盟	2
书写	2
案	2
方案	2
草案	2
破灭	2
形象	2
阿根廷	2
首都	2
地下	2
台海	2
仅	2
局部	2
介入	2
告别	2
忘记	2
民众	2
公然	2
国际法	2
发言	2
说明	2
强硬	2
反	2
那	2
便	2
构成	2
比例	2
元首	2
发布会	2
章启月	2
对抗	2
主流	2
当然	2
或者	2
共产党员	2
分业	2
监管	2
十三日	2
副总理	2
一行	2
即	2
三月	2
中旬	2
同胞	2
年代	2
附近	2
怎么	2
赞赏	2
巡航	2
弱点	2
阿	2
高层	2
斯里兰卡	2
反腐败	2
思路	2
竞选	2
唯一	2
达赖	2
失去	2
多样化	2
反华	2
当年	2
信任	2
那么	2
呢	2
前景	2
广场	2
造成	2
潜力	2
去	2
两国论	2
前提	2
以色列	2
主持	2
受到	2
集体	2
分配	2
减轻	2
负担	2
十六日	2
海陆空	2
散去	2
南	2
震动	2
加紧	2
型	2
报	2
入世	2
搞好	2
强大	2
马其顿	2
批准	2
刑事	2
协助	2
心声	2
具备	2
漫长	2
绝	2
江	2
亦	2
老	2
特别是	2
伙伴	2
构想	2
炸弹	2
极力	2
管理者	2
按照	2
科索沃	2
爱好	2
低	2
核裁军	2
角度	2
扬言	2
现代	2
大为	2
干涉	2
内政	2
泰	2
刺激	2
部	2
关键	2
立即	2
巴勒斯坦	2
告诉	2
感染	2
拥有	2
属于	2
日趋	2
活跃	2
拦截	2
手	2
平静	2
投入	2
大会	2
再次	2
发达	2
霸权主义	2
可行	2
举	2
优越	2
精度	2
装备	2
子孙	2
出卖	2
国体	2
政体	2
帮助	2
金正日	2
回升	2
势头	2
西方	2
党员	2
举措	2
奉行	2
互利	2
回到	2
上来	2
供应	2
检察院	2
统治	2
物质	2
能够	2
相	2
勾结	2
段	2
不幸	2
教训	2
据悉	2
市	2
意图	2
沿着	2
道路	2
支	2
步入	2
二十一	2
之际	2
协调	2
秩序	2
请	2
立足于	2
全局	2
经合	2
比较	2
扶持	2
问	2
高级	2
履行	2
方	2
奥尔布赖特	2
唐家璇	2
军售	2
行业	2
恰恰	2
承受	2
外来	2
睦邻	2
私营	2
出来	2
吗	2
政客	2
层	2
北方	2
小麦	2
面积	2
减少	2
增进	2
充满	2
声明	2
长官	2
权力	2
参议院	2
审慎	2
祝贺	2
幕	2
波折	2
大多	2
飞行员	2
意志	2
卫星	2
近来	2
周边	2
她	2
三峡	2
水利	2
回顾	2
霸道	2
网络	2
宣传	2
到位	2
尽快	2
效应	2
一般	2
鲍威尔	2
唐	2
重要性	2
驻军	2
损失	2
文	2
意识	2
差异	2
另外	2
申办	2
矛盾	2
及时	2
宏观	2
放弃	2
调动	2
倾向	2
侦察机	2
品种	2
枚	2
公安	2
污染	2
重点	2
突破	2
严厉	2
工商界	2
当地	2
生态	2
危害	2
水	2
优惠	2
石	2
痴迷者	2
倍	2
思潮	2
独	2
收入	2
限度	2
条	2
优先	2
跨入	2
家庭	2
全会	2
军国主义	2
确立	2
旅游	2
预算	2
富裕	2
放	2
交	2
选举	2
支付	2
全国	2
上台	2
布莱尔	2
展览	2
享有	2
负面	2
支出	2
跨国	2
搬迁	2
来到	2
土地	2
非常	2
一如既往	2
考虑	2
马	2
港	2
阁下	2
军	2
炮兵	2
自动化	2
强化	2
艰难	2
制约	2
全心全意	2
依靠	2
准入	2
增值	2
广阔	2
在内	2
议会	2
克罗地亚	2
邀请	2
救	2
同样	2
到访	2
巴基斯坦	2
探索	2
不久	2
伊	2
停止	2
早	2
遵循	2
负责	2
动物	2
面貌	2
优良	2
实力	2
削弱	2
北斗	2
发射	2
迎接	2
宪法	2
当时	2
考察	2
圆木	2
以上	2
兴趣	2
讲究	2
南昌	2
起义	2
部队	2
顺应	2
世代	2
发行	2
总额	2
付出	2
耻辱	2
吴邦国	2
够	2
高原	2
岛	2
改造	2
代	2
价值观	2
廉洁	2
自律	2
民调	2
内部	2
黑人	2
布希	2
本人	2
镇	2
丰富	2
选	2
之前	2
动作	2
一下	2
事项	2
民事	2
推翻	2
商务	2
依法	2
建议	2
第四	2
谢长廷	2
是否	2
那样	2
参拜	2
靖国神社	2
山姆	2
大叔	2
较量	2
突出	2
推	2
孙玉玺	2
亚美尼亚	2
独立	2
内地	2
批评	2
有力	2
工业化	2
季度	2
急欲	2
系列	2
边防	2
警惕	2
国界	2
对待	2
途径	2
王伟	2
儿子	2
经	2
煤矿	2
机制	2
克服	2
pntr	2
致力于	2
喜欢	2
户	2
娱乐	2
传媒	2
公报	2
练习者	2
到底	2
退出	2
北约	2
保险	2
爱	2
新型	2
战机	2
战略性	2
自行	2
艺术	2
阿拉伯	2
金额	2
答应	2
未成年人	2
瓦希德	1
制服	1
征服	1
对手	1
嘉木样	1
宗教界	1
研讨会	1
专论	1
国统纲领	1
初	1
专人	1
情绪	1
失控	1
确切	1
企望	1
欧洲人	1
何在	1
理由	1
多么	1
冠冕堂皇	1
伤害	1
处在	1
十字路口	1
抉择	1
无疑	1
发出	1
信号	1
宣言	1
大势所趋	1
中国人	1
真	1
善	1
忍	1
幌子	1
自诩	1
法轮	1
大法	1
诸	1
军兵种	1
条块	1
状态	1
股东	1
黄埔	1
占有	1
股权	1
之中	1
飞速	1
阿达姆库斯	1
出席	1
途经	1
冰岛	1
委员长	1
家	1
网吧	1
找到	1
蓬头垢面	1
沉醉于	1
上网	1
聊天	1
体现	1
加深	1
注入	1
活力	1
哈尔滨市	1
进修	1
迷惑	1
博什格拉夫	1
以为	1
无所不在	1
无所不能	1
唯它	1
马首是瞻	1
不见	1
旌旗	1
横幅	1
以往	1
演习	1
道	1
必不可少	1
风景	1
杨洁篪	1
贸易部	1
副秘书长	1
库珀	1
完成	1
当事人	1
宣读	1
广播	1
勒令	1
停建	1
拆除	1
置之不理	1
立党	1
执政	1
基	1
源	1
形成	1
起点	1
青鸟	1
软件	1
总经理	1
安金龙	1
教授	1
听到	1
气愤	1
背后	1
漠视	1
需求	1
一味	1
粗放型	1
趋向	1
天下	1
酞平	1
建成	1
鲜明	1
学科	1
实验室	1
办学	1
董石麟	1
索取	1
材料	1
带回	1
驻地	1
仔细	1
宝贵	1
财富	1
政协	1
拥护	1
年均	1
原	1
黑龙江省	1
省长	1
田凤山	1
国土	1
资源部	1
特务	1
四川	1
藏区	1
持久	1
争取	1
丛生	1
领袖们	1
苦心孤诣	1
呐喊	1
无尽	1
战火	1
面越	1
宽	1
战胜	1
夺取	1
把握	1
解放	1
难得	1
用品	1
设备	1
公共	1
政党	1
划时代	1
禁毒	1
泰国	1
上下	1
件	1
结晶	1
动力	1
以致	1
现象	1
六日	1
骇客	1
侵入	1
信箱	1
自动	1
关闭	1
意大利	1
瑞典	1
法律案	1
需	1
附有	1
衰退	1
东亚	1
巨人	1
变为	1
病夫	1
政坛	1
包庇	1
纵容	1
举动	1
离开	1
布宜诺斯艾利斯	1
前往	1
乌拉圭	1
蒙得维的亚	1
市政府	1
深圳市	1
兴建	1
大型	1
建筑	1
供	1
战时	1
防空	1
俄国	1
今晚	1
提醒	1
政绩	1
准则	1
借口	1
敌对	1
曲格平	1
网民	1
申奥	1
汽车业	1
人口	1
环保	1
探讨	1
浙江省	1
有益	1
说服	1
弹道	1
矿产	1
评价	1
勘查	1
例如	1
可口可乐	1
饮料	1
普及	1
占有率	1
余下	1
潜在	1
两百	1
两千五百多	1
邻邦	1
柬	1
由衷	1
优化	1
国防部	1
此前	1
防务	1
外交部	1
阿富汗	1
尊重	1
代替	1
朱总理	1
确实	1
长远	1
表述	1
涵意	1
即使	1
错	1
事物	1
经验	1
推论	1
归根到底	1
参照	1
金融业	1
李诗佳	1
中南海	1
科恩	1
特征	1
实证性	1
实验	1
检验	1
海外	1
侨胞	1
宣扬	1
末日	1
大卫	1
教派	1
美国人	1
老是	1
你家	1
后院	1
偷窥	1
无核区	1
隐形	1
直升机	1
亚音速	1
还有	1
规避	1
被迫	1
舆论	1
炮制	1
安全法	1
鼓动	1
众议院	1
斯	1
互访	1
扩散	1
mtcr	1
培训	1
全方位	1
曾经	1
疾言厉色	1
寄	1
希望于	1
光荣	1
爱国	1
身为	1
众议员	1
杰福兹	1
里根	1
共和党人	1
城镇	1
居民	1
真相	1
艰苦	1
争	1
朝夕	1
办	1
成分	1
何况	1
卷入	1
帝国主义	1
什么	1
两样	1
言论	1
动向	1
兵种	1
涨	1
消	1
发言人	1
相同	1
道教	1
尊生	1
贵德	1
现世	1
功德圆满	1
罗宾逊	1
夫人	1
法制	1
误判	1
期待	1
破产	1
死	1
伤	1
人间	1
冤魂	1
东西	1
武器化	1
缺	1
钱	1
奥贝德	1
专程	1
亚历山大	1
穆巴拉克	1
雄三	1
体积	1
取代	1
雄	1
飞	1
大使	1
吴建民	1
报告会	1
与会	1
旅居	1
华侨	1
华人	1
理顺	1
治本	1
策	1
十八	1
实事求是	1
五三年	1
出动	1
万	1
伞兵	1
三栖	1
攻占	1
东山岛	1
物	1
人非	1
晴雨表	1
明报	1
专讯	1
远华	1
特大	1
走私案	1
爆发	1
厦门市	1
政	1
人事	1
射程	1
公里	1
烈火	1
远程	1
采访	1
科学院	1
研究所	1
陶文钊	1
明年	1
转换	1
着力于	1
酝酿	1
期望	1
长久	1
紧密	1
教学	1
担忧	1
解开	1
缠结	1
失为	1
开启	1
大门	1
钥匙	1
提交	1
提请	1
审议	1
美利坚	1
合众	1
司法	1
忠诚	1
夏衍	1
崇高	1
人格	1
魅力	1
迸发	1
耀眼	1
光芒	1
党组	1
任	1
组长	1
警示	1
十月	1
增信	1
释疑	1
决心	1
多边	1
框架	1
协作	1
岁月	1
感受	1
深知	1
弥足	1
珍贵	1
预测	1
二十	1
增长率	1
高低	1
取决于	1
要素	1
生产率	1
坐视	1
为所欲为	1
土库曼斯坦	1
油气	1
勘探	1
开采	1
销售	1
稳步	1
打下	1
本报讯	1
孟庆松	1
周川	1
高射机枪	1
高炮	1
集火	1
射击	1
装备齐	1
上阵	1
反空袭	1
演练	1
诸如此类	1
赵晋平	1
减速	1
复苏	1
随后	1
此后	1
逐年	1
军费	1
开支	1
预计	1
增至	1
军舰	1
达福	1
克兰	1
水域	1
英	1
一同	1
饱受	1
阿米蒂奇	1
小泉纯一郎	1
鼓励	1
基层	1
法规	1
行使	1
沈国放	1
塞族	1
其它	1
少数	1
时有	1
苏联	1
一起	1
反法西斯	1
不可磨灭	1
五月份	1
下降	1
百分之三点五	1
出乎意料	1
降到	1
远	1
年初	1
定	1
百分之八	1
abm	1
挂钩	1
制造	1
麻烦	1
出发	1
极端	1
乘机	1
袭击	1
中东	1
官方	1
强劲	1
冲击	1
使得	1
台湾牌	1
者	1
焦点	1
哭肿	1
泪水	1
哭	1
干	1
鞋子	1
磨破	1
父母	1
踪影	1
危机	1
人民币	1
贬值	1
王兆国	1
吉林省	1
显着	1
成绩	1
游客	1
禁止	1
台资	1
抗议	1
含有	1
总计	1
一揽子	1
消费	1
完备	1
巴拉克	1
晚间	1
公	1
兴	1
歪	1
衰	1
红色	1
代码	1
病毒	1
英文	1
windows	1
nt	1
中文	1
操作	1
波普	1
出差	1
视野	1
自主	1
政权	1
创造	1
即便	1
命令	1
升空	1
分钟	1
应急	1
时限	1
发问	1
随意	1
摊开	1
呀	1
嘛	1
搞成	1
空间站	1
李国强	1
主体	1
二一年	1
第五十七	1
涉华	1
网	1
策略	1
较为	1
经济学家	1
得益于	1
拒	1
恢复	1
症结	1
资本主义	1
公有制	1
私有制	1
市民	1
恐慌	1
空袭	1
警报	1
市民们	1
街谈	1
巷议	1
热门	1
话题	1
没	1
想到	1
路	1
尖刀	1
班	1
敌前	1
沿	1
阵地	1
敌	1
命	1
杀伤	1
威力	1
马列主义	1
毛泽东	1
邓小平	1
丝毫	1
动摇	1
必	1
造福	1
应有	1
唾弃	1
卡布里萨斯	1
除	1
登上	1
城楼	1
参观	1
联想	1
下月	1
陈德良	1
任用	1
上岗	1
优秀	1
年轻	1
八十年代	1
历	1
振兴	1
头等	1
公认	1
归还	1
蓝军	1
设置	1
道道	1
封锁线	1
面前	1
车辆	1
到达	1
指定	1
地点	1
黎巴嫩	1
南北	1
练习	1
渐渐	1
变得	1
少言寡语	1
痴痴	1
呆呆	1
常常	1
恍惚	1
萎靡不振	1
逐月	1
党纪	1
分析家	1
开除	1
数字	1
正好	1
毫	1
彻底	1
独立自主	1
本来	1
缓解	1
不足	1
意外	1
中断	1
边界	1
实控线	1
地图	1
奥林匹克	1
运动	1
长足	1
总的	1
富	1
十一月	1
上旬	1
北京市	1
境外	1
刺探	1
非法	1
罪	1
滕春燕	1
起诉	1
马克思	1
不法	1
之所以	1
得逞	1
往往	1
职能	1
陈全	1
树立	1
近代	1
留下	1
启迪	1
负责人	1
届时	1
被召	1
北戴河	1
决策层	1
汇报	1
坦承	1
借助	1
分裂主义	1
执政党	1
陷	1
自我	1
毁灭	1
通讯社	1
刘克刚	1
同志们	1
号	1
搜寻	1
海区	1
精力	1
瞪大	1
纲要	1
思维	1
眼光	1
十多	1
订下	1
领导者	1
白皮书	1
外相	1
河野洋平	1
义务	1
擅自	1
变更	1
国务卿	1
相继	1
否决	1
勾画	1
电波	1
迅速	1
传	1
坐	1
式	1
机动式	1
定点	1
军装备	1
鲍尔	1
基于	1
关系法	1
陷入	1
泥沼	1
加上	1
硬	1
着陆	1
后果	1
垄断	1
互信	1
个体	1
流通	1
紧	1
世人	1
难道	1
炒作	1
予	1
回应	1
李远哲	1
商品	1
征税	1
大肆	1
指责	1
取缔	1
信仰	1
张目	1
国统	1
纲领	1
文教	1
丰硕	1
转型	1
至少	1
涵义	1
品质	1
差	1
春小麦	1
南方	1
早籼稻	1
库存	1
玉米	1
决定性	1
迟浩田	1
一道	1
在场	1
演讲酞	1
精彩	1
远见	1
呈现	1
同在	1
摩擦	1
并存	1
增多	1
制衡	1
香港岛	1
各界	1
联合会	1
交代	1
主导	1
基本法	1
明文	1
最早	1
赫尔姆斯	1
参议员	1
托里切	1
朱亚衍	1
来访	1
致电	1
国庆日	1
当天	1
听证会	1
屈尊纡贵	1
tracyzhao	1
合影	1
留念	1
航空兵	1
某团	1
骄子们	1
天空	1
上演	1
惊心动魄	1
空战	1
起伏	1
f	1
战斗机	1
亚利桑那州	1
卢克	1
受训	1
富强	1
儿女	1
华夏	1
福祉	1
系	1
用户	1
全天候	1
全球性	1
无线电	1
定位	1
亚欧	1
瞩目	1
宏伟	1
枢纽	1
卡多佐	1
巴西	1
赞誉	1
最初	1
天	1
何等	1
蛮横	1
盛气凌人	1
改进	1
吸引力	1
说服力	1
那些	1
反动	1
低级	1
无立足之地	1
尼	1
狠	1
有的	1
遇到	1
下岗	1
阵痛	1
亏损面	1
年份	1
骗取	1
外贸	1
各位	1
无法	1
服众	1
至关	1
赔偿	1
我方	1
必要	1
恃	1
武	1
多时	1
石河子	1
余	1
中专	1
拥军	1
形态	1
妨碍	1
双	1
城	1
论坛	1
议题	1
涵盖	1
主管	1
中介	1
应诉	1
二八年	1
举办权	1
做出	1
调控	1
契机	1
先后	1
兵力	1
足以	1
几乎	1
大规模	1
战区	1
积极性	1
缩小	1
留	1
下来	1
三军	1
统帅	1
利国	1
利民	1
变节	1
肯定	1
等待	1
专门	1
起草	1
调转	1
撞击	1
航空器	1
挑衅	1
引导	1
淘汰	1
滞销	1
销路	1
优质	1
专用	1
阿拉斯加	1
群众性	1
治安	1
保卫	1
炼油厂	1
化肥厂	1
制药厂	1
狂	1
炸	1
导致	1
含毒	1
云烟	1
善于	1
纷繁	1
寻求	1
煽动	1
典型	1
予以	1
对象	1
宫城	1
笃实	1
嘉手纳	1
雇用	1
二千六百多	1
嘉手纳町	1
人祗	1
七十六	1
万亿	1
大幅	1
水污染	1
越来越	1
加剧	1
短缺	1
铺开	1
涉及	1
税务	1
刘佩琼	1
保护主义	1
阻拦	1
出国	1
留学	1
可取	1
九九年	1
石兆彬	1
升任	1
省委	1
副书记	1
黄	1
随	1
出任	1
秘书	1
宁夏	1
中毒	1
攻坚	1
形形色色	1
腐朽	1
披上	1
各式各样	1
外衣	1
易	1
识别	1
锨开	1
篇章	1
腾飞	1
前所未有	1
国民党	1
派	1
统一派	1
吃	1
大锅饭	1
博大	1
胸怀	1
爱惜	1
最大	1
人力	1
第二十二	1
监事会	1
保密	1
泄露	1
商业	1
秘密	1
竟然	1
卢沟桥	1
日军	1
强占	1
那里	1
侵略者	1
核武器库	1
负有	1
特殊	1
责任	1
批驳	1
抛出	1
强烈	1
谴责	1
妄图	1
行径	1
开局	1
时刻	1
动员	1
学校	1
乃至	1
见效	1
倒行逆施	1
出自	1
迄今	1
宪章	1
意味	1
强国	1
视为	1
国策	1
视听	1
彰显	1
尽力	1
协商	1
印象	1
机械	1
轻工	1
通讯	1
税收	1
工具	1
调节	1
可持续	1
增强	1
自觉	1
带动	1
刘应明	1
国运	1
兴衰	1
系于	1
卡斯特罗	1
分别	1
介绍	1
仪式	1
检阅	1
分列式	1
先锋队	1
收	1
费	1
顶	1
教师	1
经社	1
理事会	1
任期	1
偿债	1
怀疑	1
外债	1
重建	1
家园	1
火热	1
跨海	1
过江之鲫	1
生意场	1
突显	1
名词	1
此外	1
新华网	1
排行榜	1
栏目	1
颇	1
具	1
老挝	1
六	1
谋划	1
颁布	1
转移	1
吹响	1
迈进	1
进军号	1
首访	1
斡旋	1
罗干	1
观看	1
揭露	1
本质	1
知道	1
一贯	1
理想	1
斯特凡诺普洛斯	1
借	1
感情	1
换	1
壳	1
换壳	1
受阻	1
资本	1
门	1
缩减	1
经常性	1
扩增	1
关怀	1
无私	1
支援	1
广告业	1
广告	1
名护市	1
施瓦布	1
营地	1
普天间	1
库赖	1
作客	1
倍感	1
亲切	1
荣幸	1
金	1
福州	1
忆及	1
进程	1
手工	1
为主	1
作业	1
指挥	1
行列	1
哈瓦那	1
动机	1
不同寻常	1
叙	1
大凡	1
磨炼	1
困苦	1
考验	1
致命	1
依赖性	1
原材料	1
相应	1
原来	1
直白	1
神灵	1
塔	1
始终如一	1
出去	1
施罗德	1
突中	1
悠久	1
wto	1
必然	1
迅猛	1
民族团	1
结祗	1
到来	1
开辟	1
天地	1
心目	1
模式	1
标准	1
打算	1
八国	1
峰会	1
日美	1
商谈	1
经费	1
曾建徽	1
十几	1
社区	1
概念	1
觉得	1
陌生	1
千家万户	1
莫桑比克	1
吕秀莲	1
单	1
理念	1
参观团	1
下午	1
抵达	1
萨格勒布	1
牺牲	1
另	1
生存权	1
报纸	1
图片	1
专辑	1
回归	1
庆典	1
藏独	1
必由之路	1
连续	1
人权会	1
联署	1
提案	1
近期	1
核武器	1
核战争	1
阴云	1
消失	1
消散	1
见面	1
瓦杰帕伊	1
首席	1
执行官	1
穆沙拉夫	1
十四日	1
聪明	1
某	1
吕丕森	1
领空	1
始于	1
显然	1
谋	1
对策	1
制订	1
以下	1
防疫	1
福建	1
总量	1
上升	1
生命线	1
成本	1
劳动力	1
释放	1
拓展	1
文章	1
阶层	1
愤慨	1
部长们	1
多极化	1
明显	1
相对	1
友邦	1
应对	1
维持	1
固然	1
避免	1
无怪乎	1
阿尔及利亚	1
呼喊	1
防线	1
老一辈	1
无产	1
革命家	1
首次	1
空中	1
猎取	1
价值	1
波	1
房地产	1
行情	1
逆转	1
残害	1
践踏	1
例子	1
以前	1
隔	1
纸	1
地缘	1
相近	1
相似	1
一致	1
方法	1
勇于	1
海域	1
阿联酋	1
阿布杜勒	1
目睹	1
沉船	1
搭桥	1
扛运	1
藏匿	1
米	1
山凹	1
根	1
重	1
公斤	1
日内瓦	1
第九	1
瑞士	1
企业界	1
设立	1
转让	1
浓厚	1
佛教	1
继承	1
贵	1
众生	1
关切	1
询问	1
勉励	1
居于	1
坦然	1
显示	1
驾驭	1
八一	1
打响	1
陈毅	1
武汉	1
赶往	1
江西	1
抚州	1
南下	1
句	1
永	1
为敌	1
西欧	1
法院	1
本期	1
分为	1
三年期	1
自然	1
须	1
代价	1
丧失	1
忍受	1
左派	1
总书记	1
企业家	1
入党	1
不满	1
不信邪	1
怕	1
压	1
课题	1
税费	1
继	1
承包	1
使然	1
走上	1
接班人	1
预料	1
围绕	1
争斗	1
天津	1
大连	1
虚拟	1
关键性	1
专利权	1
行销	1
通路	1
研发	1
非正式	1
于是	1
团里	1
借机	1
竞赛	1
清楚	1
岛外	1
一介平民	1
看待	1
债券	1
拿出	1
贴息	1
论述	1
澳大利亚	1
参众	1
院	1
五年	1
旧	1
事务所	1
所长	1
李冬民	1
研究员	1
今	1
中亚	1
绝对化	1
辉煌	1
业绩	1
骄人	1
洗刷	1
往日	1
尊严	1
设法	1
松绑	1
解禁	1
冲破	1
非洲	1
运到	1
备受	1
歧视	1
惨	1
遭	1
奴役	1
abc	1
华盛顿	1
邮报	1
专访	1
施政	1
感想	1
权威性	1
绕过	1
优美	1
藏族	1
音乐声	1
代表们	1
投票	1
信赖	1
联邦	1
盈余	1
转为	1
赤字	1
台湾岛	1
多数	1
跟	1
走	1
堵塞	1
漏洞	1
收支	1
线	1
严肃	1
财经	1
纪律	1
百分之十三点九	1
九七年	1
九八年	1
诱	1
工商	1
惟恐落	1
他人	1
自知	1
不利	1
赵明录	1
出访	1
外机	1
歼八	1
战斗	1
拗	1
知难而退	1
藏	1
语文	1
载体	1
好好	1
典故	1
巴	1
建交	1
应邀	1
费加罗报	1
星球	1
紧张	1
大部分	1
地下水	1
水质	1
趋于	1
略	1
城市	1
加重	1
连战	1
e	1
族群	1
获利	1
人物	1
往年	1
西安	1
沐浴	1
扑面	1
春风	1
反邪教	1
全体	1
归于	1
生产者	1
销售者	1
笔意	1
投向	1
建	1
弥补	1
缺口	1
熟悉	1
接班	1
语言	1
生动	1
事例	1
资料	1
入情入理	1
透	1
克雷格	1
备忘录	1
曝光	1
确凿	1
证据	1
电视片	1
播出	1
出笼	1
市长	1
谈话	1
第三	1
开创	1
伟业	1
邻国	1
全委会	1
个中	1
原委	1
深奥	1
只是	1
一时	1
弄清楚	1
当事者迷	1
短暂	1
共产主义	1
青年团	1
军校	1
战场	1
敌我	1
社	1
广东	1
筹建	1
换言之	1
共和党	1
拉	1
交易所	1
名牌	1
当中	1
军备	1
从来	1
自卫	1
小康	1
贫困	1
加速	1
重庆市	1
迁建	1
剧本	1
指标	1
事端	1
首先	1
转达	1
克瓦希涅夫斯基	1
连任	1
衷心	1
问候	1
深化	1
层出不穷	1
繁重	1
陜西省	1
四十	1
人数	1
八十万	1
次于	1
apec	1
功不可没	1
向上	1
态势	1
小	1
标题	1
提速	1
制造业	1
主力军	1
原动力	1
既	1
安	1
满	1
综述	1
写	1
欧	1
比利时	1
吴云	1
逆	1
潮流	1
动	1
废除	1
六国	1
签定	1
对付	1
北疆	1
边防线	1
跃马扬鞭	1
巡逻	1
身影	1
到处	1
缔约	1
教科书	1
表态	1
浮躁	1
民族主义	1
意	1
民心	1
觉悟	1
坚忍不拔	1
常委会	1
副委员长	1
田纪云	1
姜春云	1
布赫	1
铁木尔	1
达瓦买提	1
周光召	1
曹志	1
发	1
大选	1
成熟	1
建设性	1
高新	1
提升	1
外向型	1
忽略	1
劳动	1
密集型	1
营造	1
脱颖而出	1
氛围	1
旺	1
成长	1
规律	1
近年	1
政治家	1
表白	1
叶震	1
莫斯科	1
公正	1
庆祝	1
篇	1
纲领性	1
文献	1
平息	1
逃亡	1
一刻	1
军人	1
现场	1
提议	1
听听	1
西洋	1
乐器	1
演奏	1
民乐	1
中西合璧	1
美妙	1
乐曲声	1
几十	1
市政	1
许可	1
强行	1
纠集	1
会场	1
滋事	1
内涵	1
重开	1
抓紧	1
健全	1
监察	1
运行	1
整治	1
示威	1
扎实	1
抓好	1
本色	1
读书会	1
头脑	1
阐述	1
戴相龙	1
逾期	1
收回	1
总装备部	1
副部长	1
胡世祥	1
政委	1
朱增泉	1
总装	1
属	1
火箭	1
推进器	1
甚至	1
宇宙	1
多少	1
类似于	1
筹划	1
设计	1
建造	1
航空母舰	1
根据	1
终将	1
妥善	1
面向	1
五月	1
轰炸	1
南斯拉夫	1
大使馆	1
级别	1
昨天	1
特区	1
董建华	1
阿加特	1
联合体	1
民用	1
很大	1
复杂性	1
侧重	1
不管	1
冰冷	1
朱邦造	1
欧亚	1
低潮	1
高潮	1
曲折	1
共和	1
主流派	1
近日	1
中纪委	1
福建省	1
调查组	1
走私	1
李议长	1
抗美	1
援朝	1
抵御	1
壮举	1
代表团	1
王乐泉	1
从严	1
治党	1
大中型	1
亏损	1
脱困	1
不完全	1
邪教徒	1
课题组	1
回头	1
检查组	1
督促	1
维亚	1
康母	1
着名	1
电影	1
出版	1
实业	1
交替	1
滚动	1
互相	1
十	1
焕然一新	1
偏偏	1
石破天惊	1
和谐	1
小时	1
闪电式	1
委员们	1
既然	1
提法	1
不妥	1
落后	1
封建	1
剥削	1
压迫	1
殖民主义	1
掠夺	1
转折性	1
胜任	1
重申	1
晚	1
逼切	1
基石	1
照	1
逻辑	1
处于	1
马上	1
为重	1
初步	1
查明	1
自焚者	1
湖南省	1
常德市	1
二十五	1
谭一辉	1
洪患	1
自保	1
自救	1
常	1
当今	1
怎样	1
反复	1
时候	1
忽视	1
主产区	1
总产	1
稳	1
居	1
组建	1
航天	1
赋予	1
航天器	1
敌酞空	1
公文	1
往来	1
程序	1
拖延	1
种种	1
托词	1
暴露	1
阻挠	1
真实	1
很多	1
梦想	1
有朝一日	1
国土局	1
获悉	1
众说纷纭	1
哈	1
爱国者	1
个别	1
层面	1
重心	1
印	1
手脚	1
刻	1
停	1
划动	1
不然	1
沉重	1
单兵	1
士兵	1
沉下	1
大海	1
运动史	1
实在	1
酞多	1
值得	1
深思	1
余克礼	1
翟伟	1
学院	1
秋季	1
开学	1
典礼	1
超越	1
匈业	1
进	1
拖	1
军控	1
裁军	1
桥本	1
龙酞郎	1
内阁	1
大臣	1
身份	1
波罗的海	1
西北	1
边境	1
缓冲	1
地带	1
推测	1
公害	1
专利	1
权益	1
私人	1
合营	1
更上一层楼	1
控股	1
工业	1
利润	1
六百九十二亿	1
三点一	1
核	1
化生	1
防护	1
一贯方针	1
集	1
身	1
联结	1
纳入	1
轨道	1
互联网	1
地域	1
大中小	1
共享	1
赞成	1
飞过	1
机型	1
上校	1
撞	1
机时	1
军机	1
从天而降	1
归	1
迪萨纳亚克	1
自由党	1
历经	1
沧桑	1
穿越	1
百	1
尘烟	1
关头	1
步骤	1
题	1
宏观性	1
政策性	1
精确	1
制导	1
带有	1
养老金	1
社会化	1
发放	1
之外	1
徐山林	1
三十	1
归侨	1
侨眷	1
团体	1
财产	1
外币	1
存款	1
利率	1
浮动	1
银行	1
竞争力	1
流派	1
风格	1
见解	1
争鸣	1
切	1
一厢情愿	1
押注	1
贵国	1
东海	1
艘	1
核潜艇	1
常规	1
潜艇	1
现代级	1
战舰	1
封锁	1
因应	1
酞平洋	1
被告人	1
权	1
提起	1
附带	1
诉讼	1
进口	1
猪	1
牛	1
偶蹄	1
毒贩	1
交待	1
保山	1
客运站	1
同伙	1
接运	1
送	1
毒品	1
昆明	1
交货	1
信息权	1
制海权	1
制空权	1
制天权	1
主动权	1
化解	1
歧见	1
只要	1
采用	1
下旬	1
约旦	1
安曼	1
引向	1
世世代代	1
下去	1
奉劝	1
痴迷	1
千万	1
迷信	1
鬼话	1
读读	1
歪诗	1
内心	1
遏制	1
欲望	1
昭然若揭	1
重新	1
划分	1
责权	1
分级	1
违背	1
不得人心	1
刘国胜	1
团长	1
特级	1
眼	1
战法	1
虽	1
时报	1
社论	1
国情	1
普遍性	1
特殊性	1
有机	1
哪些	1
金立群	1
部长级	1
美机	1
规则	1
龙永图	1
轮	1
加拿大	1
报章	1
指为	1
德州	1
牛仔	1
心	1
锦囊妙计	1
乘胜追击	1
除恶务尽	1
新任	1
顾问	1
琼斯	1
人道主义	1
灾难	1
尽量	1
大渡河连	1
忠实	1
光辉	1
典范	1
内需	1
细致	1
但未	1
候选人	1
周	1
宁静	1
双休日	1
刘明山	1
捧	1
鲜花	1
独自	1
站	1
妻子	1
墓前	1
加快	1
关口	1
往	1
前移	1
事前	1
防范	1
滥杀	1
无辜	1
夺人	1
性命	1
饶恕	1
合同	1
四百九十七亿	1
二百七十二亿	1
眼界	1
胸襟	1
责任心	1
再现	1
办理	1
逐件	1
答复	1
高雄港	1
台中港	1
布袋港	1
三通	1
副检察长	1
赵登举	1
反贪	1
侦查	1
引诱	1
修炼	1
违法	1
唆使	1
自残	1
伊拉克	1
决议	1
姿态	1
无论	1
祗要	1
议程	1
日程	1
率	1
气氛	1
尼克松	1
签署	1
热情	1
竟	1
缺席	1
